{
  "Long_Range_Understanding": 0.09097222222222222,
  "Conflict_Resolution": 0.13875
}