{
  "Accurate_Retrieval": 0.1832633665186008,
  "Test_Time_Learning": 0.32819444444444446,
  "Long_Range_Understanding": 0.008333333333333333,
  "Conflict_Resolution": 0.0025
}