{
  "Accurate_Retrieval": 0.5578807383324778,
  "Test_Time_Learning": 0.3179166666666667,
  "Long_Range_Understanding": 0.17222222222222222,
  "Conflict_Resolution": 0.0
}