{
  "Accurate_Retrieval": 0.5271835115028183,
  "Test_Time_Learning": 0.32069444444444445,
  "Long_Range_Understanding": 0.20611111111111108,
  "Conflict_Resolution": 0.0025
}