{
  "Accurate_Retrieval": 0.5393274751774482,
  "Test_Time_Learning": 0.3497222222222222,
  "Long_Range_Understanding": 0.1963888888888889,
  "Conflict_Resolution": 0.00125
}