{
  "Accurate_Retrieval": 0.5115822259553064,
  "Test_Time_Learning": 0.30444444444444446,
  "Long_Range_Understanding": 0.2504166666666666,
  "Conflict_Resolution": 0.00125
}