{
  "Accurate_Retrieval": 0.5018543163871884,
  "Test_Time_Learning": 0.2926388888888889,
  "Long_Range_Understanding": 0.13791666666666666,
  "Conflict_Resolution": 0.0
}