{
  "Accurate_Retrieval": 0.2742056074766355,
  "Test_Time_Learning": 0.005,
  "Long_Range_Understanding": 0.14250000000000002,
  "Conflict_Resolution": 0.1475
}