{
  "Accurate_Retrieval": 0.3626847079355141,
  "Test_Time_Learning": 0.2955555555555555,
  "Long_Range_Understanding": 0.28250000000000003,
  "Conflict_Resolution": 0.00375
}