{
  "Accurate_Retrieval": 0.35115264205229607,
  "Long_Range_Understanding": 0.12583333333333332,
  "Conflict_Resolution": 0.0
}