{
  "Accurate_Retrieval": 0.3832823933922494,
  "Test_Time_Learning": 0.11819444444444444,
  "Long_Range_Understanding": 0.17875,
  "Conflict_Resolution": 0.00125
}