{
  "Accurate_Retrieval": 0.3681164335914095,
  "Test_Time_Learning": 0.16951690821256038,
  "Long_Range_Understanding": 0.15041666666666667,
  "Conflict_Resolution": 0.0025
}